mMed,mDark,rinv,yukawa,cross_section
500,1,0.3,1.0,41.7599983215332
500,5,0.3,1.0,41.7599983215332
500,10,0.3,1.0,41.7599983215332
500,20,0.0,1.0,41.7599983215332
500,20,0.05,1.0,41.7599983215332
500,20,0.1,1.0,41.7599983215332
500,20,0.2,1.0,41.7599983215332
500,20,0.3,0.5,10.069999694824219
500,20,0.3,1.0,41.7599983215332
500,20,0.3,1.5,151.5
500,20,0.3,2.0,427.5
500,20,0.3,2.5,923.0999755859375
500,20,0.3,3.0,1851.0
500,20,0.3,3.5,3336.0
500,20,0.4,1.0,41.7599983215332
500,20,0.5,1.0,41.7599983215332
500,20,0.6,1.0,41.7599983215332
500,20,0.7,1.0,41.7599983215332
500,20,0.8,1.0,41.7599983215332
500,20,0.9,1.0,41.7599983215332
500,20,1.0,1.0,41.7599983215332
600,1,0.3,1.0,19.649999618530273
600,5,0.3,1.0,19.649999618530273
600,10,0.3,1.0,19.649999618530273
600,20,0.0,1.0,19.649999618530273
600,20,0.05,1.0,19.649999618530273
600,20,0.1,1.0,19.649999618530273
600,20,0.2,1.0,19.649999618530273
600,20,0.3,0.1,1.7120000123977661
600,20,0.3,0.5,3.930000066757202
600,20,0.3,1.0,19.649999618530273
600,20,0.3,1.5,75.6500015258789
600,20,0.3,2.0,216.6999969482422
600,20,0.3,2.5,488.1000061035156
600,20,0.3,3.0,983.9000244140625
600,20,0.3,3.5,1771.0
600,20,0.4,1.0,19.649999618530273
600,20,0.5,1.0,19.649999618530273
600,20,0.6,1.0,19.649999618530273
600,20,0.7,1.0,19.649999618530273
600,20,0.8,1.0,19.649999618530273
600,20,0.9,1.0,19.649999618530273
600,20,1.0,1.0,19.649999618530273
700,1,0.3,1.0,10.380000114440918
700,5,0.3,1.0,10.380000114440918
700,10,0.3,1.0,10.380000114440918
700,20,0.0,1.0,10.380000114440918
700,20,0.05,1.0,10.380000114440918
700,20,0.1,1.0,10.380000114440918
700,20,0.2,1.0,10.380000114440918
700,20,0.3,0.1,0.6342999935150146
700,20,0.3,0.5,1.7829999923706055
700,20,0.3,1.0,10.380000114440918
700,20,0.3,1.5,41.79999923706055
700,20,0.3,2.0,121.9000015258789
700,20,0.3,2.5,279.20001220703125
700,20,0.3,3.0,566.9000244140625
700,20,0.3,3.5,1025.0
700,20,0.4,1.0,10.380000114440918
700,20,0.5,1.0,10.380000114440918
700,20,0.6,1.0,10.380000114440918
700,20,0.7,1.0,10.380000114440918
700,20,0.8,1.0,10.380000114440918
700,20,0.9,1.0,10.380000114440918
700,20,1.0,1.0,10.380000114440918
800,1,0.3,1.0,6.00600004196167
800,5,0.3,1.0,6.00600004196167
800,10,0.3,1.0,6.00600004196167
800,20,0.0,1.0,6.00600004196167
800,20,0.05,1.0,6.00600004196167
800,20,0.1,1.0,6.00600004196167
800,20,0.2,1.0,6.00600004196167
800,20,0.3,0.1,0.2581999897956848
800,20,0.3,0.5,0.9025999903678894
800,20,0.3,1.0,6.00600004196167
800,20,0.3,1.5,25.030000686645508
800,20,0.3,2.0,74.02999877929688
800,20,0.3,2.5,172.39999389648438
800,20,0.3,3.0,349.70001220703125
800,20,0.3,3.5,634.2999877929688
800,20,0.4,1.0,6.00600004196167
800,20,0.5,1.0,6.00600004196167
800,20,0.6,1.0,6.00600004196167
800,20,0.7,1.0,6.00600004196167
800,20,0.8,1.0,6.00600004196167
800,20,0.9,1.0,6.00600004196167
800,20,1.0,1.0,6.00600004196167
900,1,0.3,1.0,3.7170000076293945
900,5,0.3,1.0,3.7170000076293945
900,10,0.3,1.0,3.7170000076293945
900,20,0.0,1.0,3.7170000076293945
900,20,0.05,1.0,3.7170000076293945
900,20,0.1,1.0,3.7170000076293945
900,20,0.2,1.0,3.7170000076293945
900,20,0.3,0.1,0.1136000007390976
900,20,0.3,0.5,0.49570000171661377
900,20,0.3,1.0,3.7170000076293945
900,20,0.3,1.5,15.920000076293945
900,20,0.3,2.0,47.630001068115234
900,20,0.3,2.5,111.5999984741211
900,20,0.3,3.0,228.5
900,20,0.3,3.5,414.8999938964844
900,20,0.4,1.0,3.7170000076293945
900,20,0.5,1.0,3.7170000076293945
900,20,0.6,1.0,3.7170000076293945
900,20,0.7,1.0,3.7170000076293945
900,20,0.8,1.0,3.7170000076293945
900,20,0.9,1.0,3.7170000076293945
900,20,1.0,1.0,3.7170000076293945
1000,1,0.3,1.0,2.4130001068115234
1000,5,0.3,1.0,2.4130001068115234
1000,10,0.3,1.0,2.4130001068115234
1000,20,0.0,1.0,2.4130001068115234
1000,20,0.05,1.0,2.4130001068115234
1000,20,0.1,1.0,2.4130001068115234
1000,20,0.2,1.0,2.4130001068115234
1000,20,0.3,0.1,0.05282999947667122
1000,20,0.3,0.5,0.2921000123023987
1000,20,0.3,1.0,2.4130001068115234
1000,20,0.3,1.5,10.579999923706055
1000,20,0.3,2.0,31.989999771118164
1000,20,0.3,2.5,75.41000366210938
1000,20,0.3,3.0,153.39999389648438
1000,20,0.3,3.5,279.5
1000,20,0.4,1.0,2.4130001068115234
1000,20,0.5,1.0,2.4130001068115234
1000,20,0.6,1.0,2.4130001068115234
1000,20,0.7,1.0,2.4130001068115234
1000,20,0.8,1.0,2.4130001068115234
1000,20,0.9,1.0,2.4130001068115234
1000,20,1.0,1.0,2.4130001068115234
1500,1,0.3,1.0,0.4832000136375427
1500,5,0.3,1.0,0.4832000136375427
1500,10,0.3,1.0,0.4832000136375427
1500,20,0.0,1.0,0.4832000136375427
1500,20,0.05,1.0,0.4832000136375427
1500,20,0.1,1.0,0.4832000136375427
1500,20,0.2,1.0,0.4832000136375427
1500,20,0.3,0.1,0.002174000022932887
1500,20,0.3,0.5,0.041600000113248825
1500,20,0.3,1.0,0.4832000136375427
1500,20,0.3,1.5,2.2890000343322754
1500,20,0.3,2.0,7.13100004196167
1500,20,0.3,2.5,16.959999084472656
1500,20,0.3,3.0,34.650001525878906
1500,20,0.3,3.5,62.83000183105469
1500,20,0.4,1.0,0.4832000136375427
1500,20,0.5,1.0,0.4832000136375427
1500,20,0.6,1.0,0.4832000136375427
1500,20,0.7,1.0,0.4832000136375427
1500,20,0.8,1.0,0.4832000136375427
1500,20,0.9,1.0,0.4832000136375427
1500,20,1.0,1.0,0.4832000136375427
1500,30,0.3,1.0,0.4832000136375427
1500,40,0.3,1.0,0.4832000136375427
2000,1,0.3,1.0,0.16339999437332153
2000,5,0.3,1.0,0.16339999437332153
2000,10,0.3,1.0,0.16339999437332153
2000,20,0.0,1.0,0.16339999437332153
2000,20,0.05,1.0,0.16339999437332153
2000,20,0.1,1.0,0.16339999437332153
2000,20,0.2,1.0,0.16339999437332153
2000,20,0.3,0.1,0.00019350000366102904
2000,20,0.3,0.5,0.011909999884665012
2000,20,0.3,1.0,0.16339999437332153
2000,20,0.3,1.5,0.803600013256073
2000,20,0.3,2.0,2.5309998989105225
2000,20,0.3,2.5,6.061999797821045
2000,20,0.3,3.0,12.390000343322754
2000,20,0.3,3.5,23.079999923706055
2000,20,0.4,1.0,0.16339999437332153
2000,20,0.5,1.0,0.16339999437332153
2000,20,0.6,1.0,0.16339999437332153
2000,20,0.7,1.0,0.16339999437332153
2000,20,0.8,1.0,0.16339999437332153
2000,20,0.9,1.0,0.16339999437332153
2000,20,1.0,1.0,0.16339999437332153
2000,30,0.3,1.0,0.16339999437332153
2000,40,0.3,1.0,0.16339999437332153
2000,50,0.3,1.0,0.16339999437332153
2500,1,0.3,1.0,0.0717800036072731
2500,5,0.3,1.0,0.0717800036072731
2500,10,0.3,1.0,0.0717800036072731
2500,20,0.0,1.0,0.0717800036072731
2500,20,0.05,1.0,0.0717800036072731
2500,20,0.1,1.0,0.0717800036072731
2500,20,0.2,1.0,0.0717800036072731
2500,20,0.3,0.1,3.228000059607439e-05
2500,20,0.3,0.5,0.0047969999723136425
2500,20,0.3,1.0,0.0717800036072731
2500,20,0.3,1.5,0.3594000041484833
2500,20,0.3,2.0,1.1360000371932983
2500,20,0.3,2.5,2.7139999866485596
2500,20,0.3,3.0,5.563000202178955
2500,20,0.3,3.5,10.039999961853027
2500,20,0.4,1.0,0.0717800036072731
2500,20,0.5,1.0,0.0717800036072731
2500,20,0.6,1.0,0.0717800036072731
2500,20,0.7,1.0,0.0717800036072731
2500,20,0.8,1.0,0.0717800036072731
2500,20,0.9,1.0,0.0717800036072731
2500,20,1.0,1.0,0.0717800036072731
2500,30,0.3,1.0,0.0717800036072731
2500,40,0.3,1.0,0.0717800036072731
2500,50,0.3,1.0,0.0717800036072731
2500,60,0.3,1.0,0.0717800036072731
3000,1,0.3,1.0,0.03602999821305275
3000,5,0.3,1.0,0.03602999821305275
3000,10,0.3,1.0,0.03602999821305275
3000,20,0.0,1.0,0.03602999821305275
3000,20,0.05,1.0,0.03602999821305275
3000,20,0.1,1.0,0.03602999821305275
3000,20,0.2,1.0,0.03602999821305275
3000,20,0.3,0.1,8.502000127919018e-06
3000,20,0.3,0.5,0.002320999978110194
3000,20,0.3,1.0,0.03602999821305275
3000,20,0.3,1.5,0.18070000410079956
3000,20,0.3,2.0,0.5720999836921692
3000,20,0.3,2.5,1.3739999532699585
3000,20,0.3,3.0,2.808000087738037
3000,20,0.3,3.5,5.0970001220703125
3000,20,0.4,1.0,0.03602999821305275
3000,20,0.5,1.0,0.03602999821305275
3000,20,0.6,1.0,0.03602999821305275
3000,20,0.7,1.0,0.03602999821305275
3000,20,0.8,1.0,0.03602999821305275
3000,20,0.9,1.0,0.03602999821305275
3000,20,1.0,1.0,0.03602999821305275
3000,30,0.3,1.0,0.03602999821305275
3000,40,0.3,1.0,0.03602999821305275
3000,50,0.3,1.0,0.03602999821305275
3000,60,0.3,1.0,0.03602999821305275
3000,70,0.3,1.0,0.03602999821305275
3000,80,0.3,1.0,0.03602999821305275
3500,1,0.3,1.0,0.019990000873804092
3500,5,0.3,1.0,0.019990000873804092
3500,10,0.3,1.0,0.019990000873804092
3500,20,0.0,1.0,0.019990000873804092
3500,20,0.05,1.0,0.019990000873804092
3500,20,0.1,1.0,0.019990000873804092
3500,20,0.2,1.0,0.019990000873804092
3500,20,0.3,0.1,3.091000053245807e-06
3500,20,0.3,0.5,0.0012639999622479081
3500,20,0.3,1.0,0.019990000873804092
3500,20,0.3,1.5,0.1006999984383583
3500,20,0.3,2.0,0.3199000060558319
3500,20,0.3,2.5,0.7663999795913696
3500,20,0.3,3.0,1.5640000104904175
3500,20,0.3,3.5,2.8310000896453857
3500,20,0.4,1.0,0.019990000873804092
3500,20,0.5,1.0,0.019990000873804092
3500,20,0.6,1.0,0.019990000873804092
3500,20,0.7,1.0,0.019990000873804092
3500,20,0.8,1.0,0.019990000873804092
3500,20,0.9,1.0,0.019990000873804092
3500,20,1.0,1.0,0.019990000873804092
3500,30,0.3,1.0,0.019990000873804092
3500,40,0.3,1.0,0.019990000873804092
3500,50,0.3,1.0,0.019990000873804092
3500,60,0.3,1.0,0.019990000873804092
3500,70,0.3,1.0,0.019990000873804092
3500,80,0.3,1.0,0.019990000873804092
3500,90,0.3,1.0,0.019990000873804092
4000,1,0.3,1.0,0.011850000359117985
4000,5,0.3,1.0,0.011850000359117985
4000,10,0.3,1.0,0.011850000359117985
4000,20,0.0,1.0,0.011850000359117985
4000,20,0.05,1.0,0.011850000359117985
4000,20,0.1,1.0,0.011850000359117985
4000,20,0.2,1.0,0.011850000359117985
4000,20,0.3,0.1,1.466999947297154e-06
4000,20,0.3,0.5,0.0007517000194638968
4000,20,0.3,1.0,0.011850000359117985
4000,20,0.3,1.5,0.06024999916553497
4000,20,0.3,2.0,0.19089999794960022
4000,20,0.3,2.5,0.459199994802475
4000,20,0.3,3.0,0.9351000189781189
4000,20,0.3,3.5,1.687999963760376
4000,20,0.4,1.0,0.011850000359117985
4000,20,0.5,1.0,0.011850000359117985
4000,20,0.6,1.0,0.011850000359117985
4000,20,0.7,1.0,0.011850000359117985
4000,20,0.8,1.0,0.011850000359117985
4000,20,0.9,1.0,0.011850000359117985
4000,20,1.0,1.0,0.011850000359117985
4000,30,0.3,1.0,0.011850000359117985
4000,40,0.3,1.0,0.011850000359117985
4000,50,0.3,1.0,0.011850000359117985
4000,60,0.3,1.0,0.011850000359117985
4000,70,0.3,1.0,0.011850000359117985
4000,80,0.3,1.0,0.011850000359117985
4000,90,0.3,1.0,0.011850000359117985
4000,100,0.3,1.0,0.011850000359117985
