mMed,rinv,yukawa,mDark,obs_lim,expected_m2sigma,expected_m1sigma,expected,expected_p1sigma,expected_p2sigma
500,0,1,20,1.7644019626233431,0.5880615711212158,0.8581278324127197,1.3562500476837158,2.156348466873169,3.217120885848999
600,0,1,20,6.377467184612758,1.847754001617432,2.767000675201416,4.462500095367432,7.699864387512207,12.14818286895752
700,0,1,20,9.849108986271846,3.3077638149261475,4.720012664794922,7.237500190734863,11.853338241577148,19.23146629333496
800,0,1,20,15.557467923692752,3.288281202316284,5.486425399780273,9.149999618530272,14.511425971984863,21.27162170410156
900,0,1,20,12.53033938025286,3.291015625,5.055822849273682,8.425000190734863,14.536998748779297,24.407079696655277
1000,0,1,20,13.001635040736986,1.0810546875,2.174263000488281,3.375,6.792035102844238,10.235766410827637
1500,0,1,20,45.30336850352217,12.6171875,24.608154296875,47.5,88.39679718017578,144.00271606445312
2000,0,1,20,169.0045678707042,55.54765701293945,83.64584350585938,146.60000610351562,283.3388061523437,444.5200500488281
2500,0,1,20,671.9945878655456,120.3125,242.67578125,400.0,804.98193359375,1213.1278076171875
3000,0,1,20,1140.4209115629976,337.5,398.046875,400.0,804.98193359375,1213.1278076171875
3500,0,1,20,1528.0303510720976,524.8828125,850.1096801757812,1493.0,2861.767333984375,4526.8837890625
4000,0,1,20,5598.464329282019,2000.0,3156.25,4000.0,8049.8193359375,12131.2783203125
500,0p05,1,20,0.7209719842245008,0.18798828125,0.2737579345703125,0.4375,0.8106932640075684,1.326313614845276
600,0p05,1,20,0.794813663077722,0.2003906369209289,0.3125885128974914,0.534375011920929,1.0157644748687744,1.620197057723999
700,0p05,1,20,1.014873206731593,0.3922851681709289,0.5971458554267883,0.975000023841858,1.6512322425842283,2.728795051574707
800,0p05,1,20,0.6765936114216792,0.2934325933456421,0.4394339323043823,0.7437499761581421,1.318886160850525,2.1658871173858643
900,0p05,1,20,1.7476046222462478,0.6816650629043579,0.9523134827613832,1.4187500476837158,2.176546573638916,3.26207971572876
1000,0p05,1,20,1.0238703031029,0.3516845703125,0.5852251052856445,1.046875,1.8897985219955444,3.1732876300811768
1500,0p05,1,20,5.661798234535505,2.1395509243011475,3.199051856994629,5.025000095367432,7.909300804138184,11.997897148132324
2000,0p05,1,20,21.69225022124049,5.717968463897705,8.525408744812012,14.074999809265137,24.28584671020508,40.05182266235352
2500,0p05,1,20,30.42718624607846,13.9453125,23.09173583984375,42.5,73.33203887939453,114.82347869873048
3000,0p05,1,20,44.35000593554587,19.626564025878903,29.390663146972656,47.400001525878906,78.00802612304688,125.02122497558594
3500,0p05,1,20,166.21599476113897,59.36015319824219,92.68541717529295,163.39999389648438,279.3348388671875,454.3871154785156
4000,0p05,1,20,228.37209644634467,68.0625,105.727294921875,181.5,327.6402893066406,550.162841796875
500,0p1,1,20,0.3838368206527206,0.1015136763453483,0.1365291625261306,0.1968750059604644,0.2941842675209045,0.4262065589427948
600,0p1,1,20,0.4299246276052298,0.14599609375,0.2276802062988281,0.359375,0.5742475986480713,0.8537834882736206
700,0p1,1,20,0.1399060201015827,0.062042236328125,0.0990073680877685,0.1671874970197677,0.2898081243038177,0.4810696840286255
800,0p1,1,20,0.3043304073075629,0.1202056854963302,0.174263522028923,0.258593738079071,0.3884702324867248,0.5594323873519897
900,0p1,1,20,0.4460934150453073,0.1649902313947677,0.2423471361398697,0.387499988079071,0.6377238035202026,0.9967206716537476
1000,0p1,1,20,0.6237910537376441,0.2807861566543579,0.4235798120498657,0.6781250238418579,1.0646591186523438,1.6023308038711548
1500,0p1,1,20,2.0803049471648376,0.942041039466858,1.408537745475769,2.212500095367432,3.5706446170806885,5.4699249267578125
2000,0p1,1,20,5.380969089323556,2.9085938930511475,4.349524021148682,7.300000190734863,12.537660598754885,20.160457611083984
2500,0p1,1,20,45.85173545840825,6.903124809265137,10.99267578125,18.799999237060547,30.939889907836918,49.99628829956055
3000,0p1,1,20,57.996579859543615,12.576171875,20.02655029296875,34.25,57.185691833496094,92.0414581298828
3500,0p1,1,20,80.35652169448603,27.5,40.90234375,63.99999999999999,102.2660140991211,149.16180419921875
4000,0p1,1,20,179.77424178188494,55.51875305175781,82.26606750488281,131.60000610351562,224.9722595214844,390.5949096679688
500,0p2,1,20,0.0745716430999574,0.0443054176867008,0.0617938004434108,0.0929687470197677,0.161896139383316,0.2572214007377624
600,0p2,1,20,0.2699467392123835,0.0786026045680046,0.1199857294559478,0.1804687529802322,0.2804592549800873,0.4093785583972931
700,0p2,1,20,0.1411416757553844,0.0662475600838661,0.0999368205666542,0.1570312529802322,0.2415322512388229,0.3530681729316711
800,0p2,1,20,0.1703313820550482,0.0833862274885177,0.1244520172476768,0.1976562440395355,0.3221391141414642,0.5073492527008057
900,0p2,1,20,0.2483908456603654,0.090087890625,0.1267799437046051,0.1921875029802322,0.3070976436138153,0.4652546942234039
1000,0p2,1,20,0.2995911773481403,0.1391235291957855,0.1981535851955413,0.3070312440395355,0.4930548667907715,0.7443244457244873
1500,0p2,1,20,1.0305265321824535,0.437548816204071,0.6232005953788757,0.965624988079071,1.5429784059524536,2.3376212120056152
2000,0p2,1,20,1.8815485995932515,1.022216796875,1.5194625854492188,2.46875,4.161323547363281,6.801356792449951
2500,0p2,1,20,13.261516603358508,2.6982421875,4.409002780914307,7.675000190734863,13.365275382995604,22.481475830078125
3000,0p2,1,20,42.885637122633845,6.231640338897705,10.273601531982422,18.549999237060547,34.37339401245117,56.23569488525391
3500,0p2,1,20,39.85124202738358,15.681249618530272,24.09672737121582,38.59999847412109,56.90948867797852,85.48981475830078
4000,0p2,1,20,38.40978609378832,20.75390625,31.013500213623047,50.59999847412109,88.11503601074219,153.353515625
500,0p3,1,20,0.1062120258615851,0.048626709729433,0.0680381804704666,0.1003906279802322,0.1476096659898758,0.2048858851194381
600,0p3,1,20,0.1436455894981041,0.0467468276619911,0.0682152286171913,0.1078125014901161,0.1739932745695114,0.2689468264579773
700,0p3,1,20,0.0861234659808872,0.0509674064815044,0.0742785707116127,0.1144531220197677,0.1828853785991668,0.2899747192859649
800,0p3,1,20,0.1707041915947637,0.07861328125,0.1157264709472656,0.1796875,0.2806776463985443,0.4197684824466705
900,0p3,1,20,0.1315307519053202,0.0751495361328125,0.1040680184960365,0.1539062559604644,0.2330447733402252,0.3376761376857757
1000,0p3,1,20,0.1292072087588721,0.0695434585213661,0.1030474677681922,0.1648437529802322,0.263404905796051,0.399059921503067
1500,0p3,1,20,0.7995321568068685,0.3079589605331421,0.4645713567733764,0.7437499761581421,1.2240183353424072,1.9616990089416504
2000,0p3,1,20,1.3366436151208625,0.807421863079071,1.2038543224334717,1.987499952316284,3.350128650665283,5.433435440063477
2500,0p3,1,20,6.900613400531906,1.5984374284744265,2.4933958053588867,4.262499809265137,7.490695953369141,12.235029220581056
3000,0p3,1,20,12.378497479675415,4.848437786102295,7.222033977508545,11.600000381469728,18.90562057495117,29.77518653869629
3500,0p3,1,20,30.01151053134376,6.54931640625,16.578960418701172,26.299999237060547,42.23460388183594,67.29622650146484
4000,0p3,1,20,34.874296318709064,17.3671875,24.97247314453125,39.0,62.31835174560547,100.56773376464844
500,0p4,1,20,0.1934068387113523,0.0478744506835937,0.0666891112923622,0.0980468764901161,0.1468992531299591,0.210115760564804
600,0p4,1,20,0.1065129195334312,0.0482543930411338,0.0689759254455566,0.1046874970197677,0.1606042087078094,0.2326941192150116
700,0p4,1,20,0.0728330846477967,0.0369232147932052,0.0538801401853561,0.0851562470197677,0.1387872099876403,0.216703787446022
800,0p4,1,20,0.0826629783786169,0.0480377227067947,0.0724672824144363,0.1160156279802322,0.1853821128606796,0.2834706604480743
900,0p4,1,20,0.1527971192234262,0.0672027543187141,0.0937292501330375,0.1410156190395355,0.2202709168195724,0.3261685967445373
1000,0p4,1,20,0.0914406250369652,0.0618515014648437,0.0866512060165405,0.130859375,0.2012768685817718,0.292687177658081
1500,0p4,1,20,0.5520564892627552,0.3226562440395355,0.4582641422748565,0.699999988079071,1.0990028381347656,1.670106291770935
2000,0p4,1,20,2.622160500428571,0.857226550579071,1.23261559009552,1.924999952316284,3.137354850769043,5.026024341583252
2500,0p4,1,20,2.841839931574476,1.6843749284744265,2.4541869163513184,3.849999904632568,6.274709701538086,10.136933326721191
3000,0p4,1,20,5.734110499827644,4.265625,6.002978801727295,9.100000381469728,14.214491844177246,21.468807220458984
3500,0p4,1,20,8.145139685025745,7.284374713897705,10.576976776123049,16.649999618530273,26.8706111907959,38.56479263305664
4000,0p4,1,20,83.74907855422413,13.299609184265137,20.452861785888672,35.099998474121094,63.921478271484375,106.39949798583984
500,0p5,1,20,0.1017409239446486,0.0303222648799419,0.0455799102783203,0.0718749985098838,0.1116980537772178,0.1609553694725036
600,0p5,1,20,0.1184005109688455,0.0592163056135177,0.0826046913862228,0.1203124970197677,0.1764222830533981,0.243758887052536
700,0p5,1,20,0.0923488224348592,0.044842530041933,0.0631163120269775,0.0925781279802322,0.1346464455127716,0.1868541836738586
800,0p5,1,20,0.1137839203235659,0.046124268323183,0.062372587621212,0.0894531235098838,0.1304579824209213,0.1840943992137909
900,0p5,1,20,0.1108251621664147,0.0472595244646072,0.0677573233842849,0.1042968779802322,0.1645779907703399,0.2539765834808349
1000,0p5,1,20,0.1959863941341195,0.0831634476780891,0.1183190047740936,0.1789062470197677,0.2680472433567047,0.3801643252372741
1500,0p5,1,20,0.2459086157460448,0.2454956024885177,0.3492735922336578,0.528124988079071,0.820737898349762,1.2440167665481567
2000,0p5,1,20,1.2073125580791553,0.6262451410293579,0.8986687064170837,1.4187500476837158,2.368823289871216,3.7822694778442383
2500,0p5,1,20,2.0986538941618766,1.662451148033142,2.356804370880127,3.637500047683716,5.870381832122803,9.155137062072754
3000,0p5,1,20,22.88697236488219,5.28515625,7.390960693359375,11.274999618530272,17.70179557800293,26.123271942138672
3500,0p5,1,20,85.85353276625256,12.140625,17.192895889282227,25.899999618530277,39.837196350097656,69.94009399414062
4000,0p5,1,20,50.9081718743187,20.439062118530277,31.35002326965332,50.79999923706055,84.41349792480469,135.3178253173828
500,0p6,1,20,0.0684857346360978,0.043214414268732,0.0593320950865745,0.0871093720197677,0.1319009661674499,0.1906017810106277
600,0p6,1,20,0.073544788331483,0.0459274314343929,0.0637859031558036,0.0925781279802322,0.140919804573059,0.2068245410919189
700,0p6,1,20,0.0932209745305626,0.0467193573713302,0.0651718825101852,0.0949218720197677,0.138433575630188,0.1900682598352432
800,0p6,1,20,0.0891796056456512,0.0433929450809955,0.0616303943097591,0.0941406264901161,0.1478011757135391,0.2256887108087539
900,0p6,1,20,0.0806365675080967,0.0488677956163883,0.0658997297286987,0.0933593735098838,0.1350384354591369,0.1873698383569717
1000,0p6,1,20,0.1241677600081782,0.0632797256112098,0.0914327278733253,0.1433593779802322,0.2359321117401123,0.3734340369701385
1500,0p6,1,20,0.1645976335049097,0.167724609375,0.2345523834228515,0.3578124940395355,0.5646196007728577,0.867231011390686
2000,0p6,1,20,0.7978039885816857,0.579345703125,0.8313674926757812,1.3125,2.20188570022583,3.585747241973877
2500,0p6,1,20,1.730684931679104,1.229736328125,1.7480300664901731,2.737499952316284,4.570681095123291,7.473899841308594
3000,0p6,1,20,12.869413956554242,5.007031440734863,7.178723335266113,11.050000190734863,17.6568660736084,27.746789932250977
3500,0p6,1,20,15.218906605346064,9.452342987060549,13.986248016357422,21.799999237060547,34.399879455566406,51.09268569946289
4000,0p6,1,20,19.66500129973004,13.838086128234863,19.99461936950684,31.350000381469727,50.34429168701172,82.32686614990234
500,0p7,1,20,0.1417050888760031,0.0562225356698036,0.0746259912848472,0.1042968779802322,0.1454543322324752,0.1944148689508438
600,0p7,1,20,0.0956591352974922,0.0439605712890625,0.0592821836471557,0.083984375,0.1211433261632919,0.1678130179643631
700,0p7,1,20,0.0876270621200052,0.0459503158926963,0.0629879459738731,0.0933593735098838,0.1443417966365814,0.2103011757135391
800,0p7,1,20,0.0595102840031047,0.0305862426757812,0.0544792301952838,0.0824218764901161,0.1274314671754837,0.1885509192943573
900,0p7,1,20,0.0978381879125253,0.0514251701533794,0.0718430280685424,0.1070312485098838,0.1599335074424743,0.2271812409162521
1000,0p7,1,20,0.1026912191411086,0.0607437156140804,0.0850992500782013,0.1285156309604644,0.1966473758220672,0.285379946231842
1500,0p7,1,20,0.2395891776168835,0.2106994688510894,0.3074628412723541,0.4859375059604645,0.7842305302619934,1.201374650001526
2000,0p7,1,20,0.5252964377310055,0.6198486685752869,0.8787397742271423,1.3562500476837158,2.167160749435425,3.344417095184326
2500,0p7,1,20,3.076720359719165,1.6407227516174316,2.475111484527588,3.962500095367431,6.458061695098877,10.171049118041992
3000,0p7,1,20,5.104336113599998,4.2109375,6.072021484375,9.625,16.30062484741211,26.735485076904297
3500,0p7,1,20,94.72656386433536,15.0078125,21.8331298828125,34.0,53.78671646118164,82.0755386352539
4000,0p7,1,20,239.29244283121528,25.85624885559082,37.28378677368164,59.09999847412109,100.09007263183594,171.0055389404297
500,0p8,1,20,0.2164864048748349,0.0523712188005447,0.0711109191179275,0.1023437529802322,0.1496655493974685,0.2083524912595749
600,0p8,1,20,0.1016557279251183,0.0542968735098838,0.0780517533421516,0.1085937470197677,0.1769855171442031,0.2476159930229187
700,0p8,1,20,0.1587893761752314,0.0570297241210937,0.0789754763245582,0.1167968735098838,0.1754571050405502,0.2491642832756042
800,0p8,1,20,0.0362664742208076,0.03021240234375,0.0442234016954898,0.0515624992549419,0.1037672013044357,0.1497514098882675
900,0p8,1,20,0.1103533390437499,0.0498901344835758,0.0695829391479492,0.1046874970197677,0.1610214859247207,0.2341497242450714
1000,0p8,1,20,0.1247482789911083,0.05865478515625,0.0806059837341308,0.12109375,0.1872215718030929,0.2756038010120392
1500,0p8,1,20,0.2423336323658883,0.1958984434604644,0.2782318294048309,0.4250000119209289,0.6791102290153503,1.0671842098236084
2000,0p8,1,20,0.7041433750124441,0.62255859375,0.862126886844635,1.274999976158142,1.971261978149414,3.028400182723999
2500,0p8,1,20,2.134188264386711,1.548828125,2.1468963623046875,3.25,5.193195819854736,8.234094619750977
3000,0p8,1,20,4.536801941233229,3.2450196743011475,5.015247344970703,8.225000381469727,13.273921966552734,20.334522247314453
3500,0p8,1,20,87.39635410228192,14.24375057220459,21.329933166503903,34.400001525878906,54.96798324584961,84.05239868164062
4000,0p8,1,20,198.8176965575696,27.590625762939453,40.96274566650391,64.80000305175781,103.54434204101562,162.71421813964844
500,0p9,1,20,0.0634541338314655,0.0450317412614822,0.0546547919511795,0.0847656279802322,0.1222702413797378,0.1704325824975967
600,0p9,1,20,0.1392531678749949,0.0517578125,0.0707626342773437,0.103515625,0.155918076634407,0.2210746109485626
700,0p9,1,20,0.1125250478672734,0.046142578125,0.0653446242213249,0.0984375029802322,0.1466997563838958,0.2081112116575241
800,0p9,1,20,0.071037854690614,0.0505554191768169,0.0687357410788536,0.0980468764901161,0.1445543467998504,0.2087509483098983
900,0p9,1,20,0.0840178074726331,0.0675628632307052,0.0917385071516037,0.1320312470197677,0.1962376832962036,0.2804222702980041
1000,0p9,1,20,0.2929844264468398,0.0767394974827766,0.1032095402479171,0.1488281190395355,0.2217960506677627,0.3200529515743255
1500,0p9,1,20,0.2258836767299301,0.1662170439958572,0.2385232895612716,0.3765625059604645,0.6137195825576782,0.9582681655883788
2000,0p9,1,20,0.6566372859697145,0.5665283203125,0.8306763768196106,1.381250023841858,2.460371494293213,4.186587333679199
2500,0p9,1,20,7.312930528324019,2.026171922683716,2.89373779296875,4.550000190734863,7.524385452270508,11.86354160308838
3000,0p9,1,20,8.160547482788608,4.92626953125,6.951702117919922,10.6875,17.503633499145508,27.9301872253418
3500,0p9,1,20,12.513741674356446,15.08828067779541,20.86046028137207,31.149999618530277,47.16731643676758,68.15851593017578
4000,0p9,1,20,271.4575792383389,33.37187576293945,47.09270095825195,72.4000015258789,115.6884307861328,188.3273162841797
500,1,1,20,0.0610636172106445,0.0267791748046875,0.0365123748779296,0.052734375,0.0750157311558723,0.1020184084773063
600,1,1,20,0.107828435931592,0.0472854599356651,0.0640259161591529,0.0910156220197677,0.1301971822977066,0.1765722185373306
700,1,1,20,0.2699913028146003,0.0730468779802322,0.0977203398942947,0.1375000029802322,0.199433147907257,0.2788770496845245
800,1,1,20,0.2007421222546688,0.0777587890625,0.1029262542724609,0.1421875059604644,0.1982972919940948,0.2687024176120758
900,1,1,20,0.4481634644208886,0.1036865189671516,0.1381639391183853,0.1937499940395355,0.276385635137558,0.3790165185928345
1000,1,1,20,0.4668441762739506,0.11834716796875,0.156651496887207,0.2164062559604644,0.3035293221473694,0.4129352271556854
1500,1,1,20,0.7099209123580511,0.4140625,0.56610107421875,0.828125,1.2341408729553225,1.7858880758285522
2000,1,1,20,1.6298050046986536,1.147363305091858,1.586299180984497,2.368750095367432,3.6811797618865967,5.5796732902526855
2500,1,1,20,12.449733148069878,2.4521484375,3.4106369018554688,5.0625,7.70599365234375,11.460061073303224
3000,1,1,20,32.79468836526411,10.39023494720459,13.86374282836914,19.850000381469727,29.74036979675293,42.299591064453125
3500,1,1,20,236.73144991401384,23.311914443969727,32.7471809387207,50.150001525878906,78.93560791015625,117.4413604736328
4000,1,1,20,178.0313080684317,52.783203125,73.09484100341797,108.0999984741211,162.3922882080078,235.80874633789065
600,0p3,0p1,20,0.3899622412859558,0.2191406339406967,0.2963379025459289,0.4250000119209289,0.6299822926521301,0.919773817062378
700,0p3,0p1,20,0.3927310656564425,0.2697509825229645,0.3725005984306335,0.543749988079071,0.806006669998169,1.16683828830719
800,0p3,0p1,20,0.4395824402902802,0.3109374940395355,0.427539050579071,0.621874988079071,0.9292486906051636,1.3612993955612185
900,0p3,0p1,20,0.953306371206564,0.521228015422821,0.7136580944061279,1.0343749523162842,1.5250194072723389,2.189621686935425
1000,0p3,0p1,20,0.7975714725374283,0.6856689453125,0.9090118408203124,1.28125,1.8634613752365112,2.665398597717285
1500,0p3,0p1,20,10.948815953696444,5.411651611328125,9.515649795532228,14.46875,24.273170471191406,40.14497375488281
2000,0p3,0p1,20,69.5230555836527,44.8095703125,65.95408630371094,109.25,188.5064849853516,310.8818054199219
2500,0p3,0p1,20,543.4812376166964,305.771484375,470.669677734375,745.5,1203.1256103515625,2009.31005859375
3000,0p3,0p1,20,3500.441956012227,1687.5,1990.234375,2000.0,4024.90966796875,6065.63916015625
500,0p3,0p5,20,0.2031621453983856,0.1178222671151161,0.1617664396762848,0.2374999970197677,0.362462431192398,0.5381169319152832
600,0p3,0p5,20,0.28690380710421,0.124246209859848,0.1735769361257553,0.258593738079071,0.3956855833530426,0.5910156965255737
700,0p3,0p5,20,0.3031961384216972,0.1666626036167144,0.2449029982089996,0.3843750059604645,0.6065346002578735,0.9096460342407228
800,0p3,0p5,20,0.622715839190703,0.2273437529802322,0.3125976622104645,0.4546875059604645,0.6776131987571716,0.9833076596260072
900,0p3,0p5,20,0.5327944546600942,0.3053100705146789,0.4234359860420227,0.620312511920929,0.934331715106964,1.3805572986602783
1000,0p3,0p5,20,0.3532680265125725,0.2838867008686065,0.4109664857387543,0.637499988079071,1.0186653137207031,1.5720300674438477
1500,0p3,0p5,20,3.280087424213026,1.623291015625,2.2640419006347656,3.40625,5.402136325836182,8.460777282714844
2000,0p3,0p5,20,5.143258201468639,5.2099609375,7.587005615234375,12.125,20.14790725708008,32.82038497924805
2500,0p3,0p5,20,15.793957439515586,15.380859375,22.98431396484375,37.5,63.807884216308594,105.0073699951172
3000,0p3,0p5,20,51.208242429862615,42.43359375,64.4564208984375,106.5,181.21438598632807,293.7635498046875
3500,0p3,0p5,20,424.1445003973182,125.8359375,177.57330322265625,273.0,426.4347534179688,656.6803588867188
4000,0p3,0p5,20,1065.821881106572,262.75390625,383.9976806640625,611.5,1006.369384765625,1692.858642578125
500,0p3,1p5,20,0.0247301084210434,0.0126770017668604,0.0173158645629882,0.0261718742549419,0.0403596945106983,0.0608916096389293
600,0p3,1p5,20,0.0261830487697602,0.020178223028779,0.0292108543217182,0.0453125014901161,0.0702377259731292,0.10559643805027
700,0p3,1p5,20,0.0220343925620405,0.0209564194083213,0.0290645584464073,0.0425781235098838,0.0646414905786514,0.0952849090099334
800,0p3,1p5,20,0.0304186317165185,0.0245269779115915,0.0355062969028949,0.0550781264901161,0.0866924300789833,0.1308756172657013
900,0p3,1p5,20,0.0166034266759226,0.0147857666015625,0.0208289623260498,0.033203125,0.0543789789080619,0.087135374546051
1000,0p3,1p5,20,0.0382420729444598,0.0322265625,0.0453521721065044,0.0687500014901161,0.1084858700633049,0.1666295379400253
1500,0p3,1p5,20,0.1069641106493816,0.0715560913085937,0.1033912301063537,0.162109375,0.2693744003772735,0.449283629655838
2000,0p3,1p5,20,0.9589035337588728,0.34613037109375,0.5221548080444336,0.8359375,1.4090557098388672,2.3029909133911133
2500,0p3,1p5,20,1.4121018444183564,0.68817138671875,1.0164213180541992,1.6015625,2.635753870010376,4.154422760009766
3000,0p3,1p5,20,2.0187629443993997,1.0040283203125,1.5546751022338867,2.5703125,4.393989562988281,7.575338840484619
3500,0p3,1p5,20,2.940741970979981,1.878662109375,2.9615020751953125,5.34375,10.157644271850586,16.201969146728516
4000,0p3,1p5,20,15.602058734571465,4.39013671875,6.458175659179688,10.40625,17.457809448242188,29.316482543945312
500,0p3,2,20,0.0114769033820712,0.00457763671875,0.0061988830566406,0.009765625,0.0144367692992091,0.0196820739656686
600,0p3,2,20,0.0102252461837232,0.00555419921875,0.0083446502685546,0.013671875,0.0210834238678216,0.032929640263319
700,0p3,2,20,0.0069021567559882,0.0072570797055959,0.0102678295224905,0.0160156246274709,0.0264852158725261,0.0414115637540817
800,0p3,2,20,0.0077592909645531,0.0080749513581395,0.0118787763640284,0.019140625372529,0.0298219751566648,0.0453433096408844
900,0p3,2,20,0.0165164542010821,0.0119201662018895,0.0162820816040039,0.024609375745058,0.0391272902488708,0.0603278614580631
1000,0p3,2,20,0.0216433021442316,0.013348389416933,0.0193505305796861,0.0316406264901161,0.0535856634378433,0.0868894606828689
1500,0p3,2,20,0.0347327635346165,0.0276832580566406,0.0390652120113372,0.06005859375,0.0988407656550407,0.1603730469942093
2000,0p3,2,20,0.3309814018242483,0.0958328247070312,0.1435090899467468,0.2314453125,0.3845887780189514,0.6239907145500183
2500,0p3,2,20,0.3013378494437431,0.17791748046875,0.2644634246826172,0.4296875,0.7277064919471741,1.1935484409332275
3000,0p3,2,20,0.5969778706667457,0.33563232421875,0.5209107398986816,0.9140625,1.810361623764038,2.771958827972412
3500,0p3,2,20,3.977405482155631,0.93975830078125,1.5321393013000488,2.703125,4.728782176971436,7.865251064300537
4000,0p3,2,20,2.219938398325752,1.021240234375,1.6262435913085938,2.78125,4.976314067840576,8.430179595947266
500,0p3,2p5,20,0.0072147302236428,0.0018798828823491,0.0027862549759447,0.0042968750931322,0.0073113199323415,0.0119871348142623
600,0p3,2p5,20,0.0043297562764129,0.0022216795478016,0.0032928464934229,0.0050781248137354,0.0079929186031222,0.0131140490993857
700,0p3,2p5,20,0.0043667774668233,0.0032470703590661,0.0045516965910792,0.0074218749068677,0.0116819581016898,0.0174656119197607
800,0p3,2p5,20,0.0028335166108014,0.0025634765625,0.0037994384765625,0.005859375,0.0099699813872575,0.0153651526197791
900,0p3,2p5,20,0.0056566138942977,0.00421142578125,0.0057029724121093,0.0089843748137354,0.0144278146326541,0.0212768800556659
1000,0p3,2p5,20,0.0055120644081199,0.0042846682481467,0.0062416079454123,0.0105468751862645,0.0176096446812152,0.0289079751819372
1500,0p3,2p5,20,0.0226621059894591,0.0145912170410156,0.0218197703361511,0.03662109375,0.063188225030899,0.1057143360376358
2000,0p3,2p5,20,0.0641267613354166,0.0249671936035156,0.0363584756851196,0.05810546875,0.1002586483955383,0.1683305352926254
2500,0p3,2p5,20,0.0322163917611912,0.0383358001708984,0.0576401054859161,0.09716796875,0.1785042583942413,0.2945597767829895
3000,0p3,2p5,20,0.5877688526045391,0.2090301513671875,0.3157649040222168,0.51953125,0.8964303135871887,1.5744796991348269
3500,0p3,2p5,20,1.5391745211918475,0.2990570068359375,0.4426184892654419,0.55078125,1.1084223985671997,1.6704201698303225
4000,0p3,2p5,20,1.0109190707803763,0.5042724609375,0.7526149749755859,1.1953125,1.9290558099746704,3.6214447021484375
500,0p3,3,20,0.014081350841235,0.00048828125,0.0015869140625,0.0019531249999999,0.0034478909801691,0.0050049391575157
600,0p3,3,20,0.0085212428713012,0.0010253905784338,0.0014526366721838,0.0027343749534338,0.0044782687909901,0.0068761226721107
700,0p3,3,20,0.0028631067905878,0.0013183592818677,0.0021423338912427,0.0035156249068677,0.0057577737607061,0.0085324328392744
800,0p3,3,20,0.0023439056740258,0.0004394531133584,0.0023620605934411,0.0035156249068677,0.004860914312303,0.0074113588780164
900,0p3,3,20,0.0026940492518358,0.0018798828823491,0.0027862549759447,0.0042968750931322,0.0073113199323415,0.0109081007540225
1000,0p3,3,20,0.0014062560501084,0.0023925781715661,0.0035461424849927,0.0054687499068677,0.0089565375819802,0.0142318159341812
1500,0p3,3,20,0.0063168645361458,0.0072097778320312,0.011223554611206,0.01708984375,0.0318039469420909,0.0516526587307453
2000,0p3,3,20,0.0206604372872643,0.0175094604492187,0.0257575511932373,0.04150390625,0.0692972093820571,0.1133136227726936
2500,0p3,3,20,0.0477793408331812,0.0262470245361328,0.0402301102876663,0.06787109375,0.1192731410264968,0.2057055085897445
3000,0p3,3,20,0.2227001752329422,0.0805244445800781,0.1230040788650512,0.2041015625,0.3456605672836303,0.5669355392456055
3500,0p3,3,20,0.4183923696528354,0.131591796875,0.2045211791992187,0.34375,0.6040884256362915,1.028059005737305
4000,0p3,3,20,0.9609435476671652,0.244384765625,0.3880510330200195,0.6875,1.2629849910736084,2.0841214656829834
500,0p3,3p5,20,0.0005056977001795196,0.00037811280344612896,0.0005370283033698797,0.0008203125325962901,0.0012715450720861554,0.0019164367113262415
600,0p3,3p5,20,0.0007831187145054708,0.0005313277360983193,0.0007826648652553558,0.0012158203171566129,0.0019258050015196204,0.0029360149055719376
700,0p3,3p5,20,0.0007842248739206327,0.0006489944644272327,0.0009596550953574479,0.0015527344075962901,0.0025739632546901703,0.004109215456992388
800,0p3,3p5,20,0.0004968661335862595,0.0005724906804971397,0.0007598854717798531,0.0010620116954669356,0.0015170832630246878,0.002125766361132264
900,0p3,3p5,20,0.0014063780002744,0.00048828125,0.0015869140625,0.0019531249999999,0.0034478909801691,0.0056277583353221
1000,0p3,3p5,20,0.0016311487670818,0.0010253905784338,0.0014526366721838,0.0027343749534338,0.0044782687909901,0.0068761226721107
1500,0p3,3p5,20,0.003160967240055,0.002777099609375,0.0050086975097656,0.00634765625,0.0124201430007815,0.0188721604645252
2000,0p3,3p5,20,0.0090656625297538,0.0121002197265625,0.0179030895233154,0.02978515625,0.0511556416749954,0.0828737393021583
2500,0p3,3p5,20,0.0372070455913063,0.0253868103027343,0.0372327864170074,0.05908203125,0.0948785617947578,0.145879790186882
3000,0p3,3p5,20,0.2299717258737129,0.0494155883789062,0.0747705996036529,0.1240234375,0.2159749120473861,0.3733599185943603
3500,0p3,3p5,20,0.3215889741881717,0.0824508666992187,0.1228154301643371,0.197265625,0.3309381902217865,0.5956541299819946
4000,0p3,3p5,20,0.2150694224868873,0.1152420043945312,0.1808522343635559,0.310546875,0.5630689263343811,0.9413490891456604
500,0p3,1,1,0.0682527754516504,0.0584655739367008,0.0813184231519699,0.1207031235098838,0.1846931278705597,0.275866836309433
600,0p3,1,1,0.2475266861319046,0.0948730409145355,0.1387058198451995,0.2093749940395355,0.3187046647071838,0.4665129482746124
700,0p3,1,1,0.2788724788420232,0.07843017578125,0.1224000975489616,0.2007812559604644,0.3240309357643127,0.4919111430644989
800,0p3,1,1,0.1941797115916858,0.06536865234375,0.0924139022827148,0.140625,0.2230239808559417,0.3429045081138611
900,0p3,1,1,0.2330382267221985,0.0480590797960758,0.1311484277248382,0.1937499940395355,0.295693039894104,0.4435756206512451
1000,0p3,1,1,0.27909943741146,0.082489013671875,0.2146432995796203,0.3312500119209289,0.5253453850746155,0.8077306747436523
1500,0p3,1,1,0.6172615651971973,0.36993408203125,0.5338730812072754,0.81640625,1.304540753364563,2.050013780593872
2000,0p3,1,1,1.6434608285548813,1.04144287109375,1.5150747299194336,2.359375,3.84529709815979,6.108124732971191
2500,0p3,1,1,3.668484833203931,2.515625,3.677978515625,5.75,9.279641151428224,14.728452682495115
3000,0p3,1,1,13.06310230371569,5.855712890625,8.328633308410645,12.8125,20.677461624145508,32.53315353393555
3500,0p3,1,1,16.91999471756857,13.130859375,19.738082885742188,31.125,49.362640380859375,75.89619445800781
4000,0p3,1,1,34.05322064355905,17.9443359375,28.2282829284668,46.875,79.38616180419922,141.0598602294922
500,0p3,1,5,0.1177392596826397,0.0506744384765625,0.0712223052978515,0.10546875,0.1601211279630661,0.2385361343622207
600,0p3,1,5,0.1322748454975099,0.0545471161603927,0.0808263272047042,0.1292968690395355,0.2086658328771591,0.3196583688259125
700,0p3,1,5,0.2278587243179941,0.0748046860098838,0.1028564423322677,0.1496093720197677,0.2217676490545272,0.3192265033721924
800,0p3,1,5,0.1183545355345873,0.0644592270255088,0.0933173671364784,0.1398437470197677,0.2100790590047836,0.3117783069610595
900,0p3,1,5,0.1140241656479865,0.0817657485604286,0.1178139820694923,0.1789062470197677,0.2780310213565826,0.4172636866569519
1000,0p3,1,5,0.1360355470838609,0.0856536850333213,0.1169202327728271,0.1726562529802322,0.262124240398407,0.3904924988746643
1500,0p3,1,5,0.7118880162602699,0.30267333984375,0.4396355152130127,0.6796875,1.0806585550308228,1.6584936380386353
2000,0p3,1,5,0.8916338040833482,0.6942138671875,1.0867862701416016,1.890625,3.322486400604248,5.616408348083496
2500,0p3,1,5,2.428465858339887,1.5592041015625,2.3348989486694336,3.765625,6.287295341491699,10.361557006835938
3000,0p3,1,5,5.559924070555921,3.970703125,5.87139892578125,9.5,16.316133499145508,27.905925750732425
3500,0p3,1,5,13.737960084350387,9.14404296875,12.753410339355469,19.1875,29.895008087158203,45.67663192749024
4000,0p3,1,5,63.18637087076092,20.57421875,32.894989013671875,57.25,105.62860107421876,173.55404663085938
500,0p3,1,10,0.11328295292526375,0.049551392067223754,0.06954964660108084,0.1029980484396219,0.15446338653564454,0.2234683319926261
600,0p3,1,10,0.13749934737891878,0.05139953549951311,0.07513296548277135,0.1187207011505961,0.1907473303377628,0.29271078631281855
700,0p3,1,10,0.15537578421034692,0.06253593331202859,0.08825811725109813,0.1319921843707561,0.2031149830669164,0.3069927729666233
800,0p3,1,10,0.14267835380745197,0.07030471730977292,0.10280785989016292,0.15744140483438965,0.2423406947404146,0.3618360690772533
900,0p3,1,10,0.12234706117498105,0.07780319284647702,0.11001464538276193,0.16511718891561025,0.2539402283728122,0.3763908587396144
1000,0p3,1,10,0.1342011113413629,0.07885688766837115,0.1119596948847174,0.17195312753319736,0.2682269737124443,0.4040048100054264
1500,0p3,1,10,0.7409786725593192,0.30465300381183624,0.4510662287473678,0.7101171761751175,1.1501090794801712,1.8075727730989457
2000,0p3,1,10,1.094539930166286,0.7474070683121681,1.136896026134491,1.9180859148502347,3.2933183550834655,5.448719787597657
2500,0p3,1,10,4.603875072994105,1.6221545070409775,2.479569602012634,4.11726553440094,7.064078354835511,11.629064416885377
3000,0p3,1,10,8.866437596715972,4.463933241367339,6.614578020572662,10.63968768119812,17.73622212409973,28.98954520225525
3500,0p3,1,10,23.71072847745699,7.942187499999999,14.689353084564209,22.894062137603758,36.5446795463562,57.48795804977417
4000,0p3,1,10,50.572861020157816,18.82998046875,28.81293563842773,48.068749999999994,84.24178981781006,137.33292274475096
1500,0p3,1,30,0.481205281406607,0.30267333984375,0.4381628036499023,0.6796875,1.0914955139160156,1.7086995840072632
2000,0p3,1,30,1.649513231964958,0.7998046875,1.1613235473632812,1.828125,3.0086164474487305,4.861673831939697
2500,0p3,1,30,2.6237493774867966,1.839111328125,2.7054519653320312,4.359375,7.382913112640381,12.751484870910645
3000,0p3,1,30,12.004234626573036,4.486083984375,6.703758239746094,10.9375,18.174659729003903,29.841716766357425
3500,0p3,1,30,29.25127089977971,8.8095703125,13.547836303710938,23.25,41.97045135498047,70.47540283203125
4000,0p3,1,30,159.2799387934087,21.09375,33.453369140625,56.25,96.60868072509766,165.23245239257812
1500,0p3,1,40,0.3570187437488571,0.2979278564453125,0.4400360584259033,0.693359375,1.1245059967041016,1.7625027894973757
2000,0p3,1,40,0.894179227654164,0.7855224609375,1.1063194274902344,1.71875,2.856017827987671,4.670893669128418
2500,0p3,1,40,2.0132717176845034,1.544189453125,2.33462142944336,3.953125,7.010046005249023,11.981728553771973
3000,0p3,1,40,11.429096787291336,5.059326171875,7.576311111450195,12.21875,19.5244197845459,30.95703125
3500,0p3,1,40,11.348879446427476,7.369140625,11.267547607421877,19.25,34.44280242919922,58.34820556640625
4000,0p3,1,40,23.90465195302897,15.700927734375,24.145740509033203,41.4375,75.46286010742188,125.61051940917967
2000,0p3,1,50,1.3130644783821113,0.92315673828125,1.3443470001220703,2.1484375,3.5700223445892334,5.792318820953369
2500,0p3,1,50,4.240987114343069,2.161865234375,3.093729019165039,4.8125,7.728290557861328,12.314186096191406
3000,0p3,1,50,4.817302680375116,3.8348388671875,5.837483406066895,9.53125,15.989885330200195,26.03935432434082
3500,0p3,1,50,18.169192308612395,8.744873046875,12.362926483154297,18.8125,29.535701751708984,47.04585266113281
4000,0p3,1,50,110.53168823270605,21.814453125,33.39335632324219,54.75,91.4136199951172,145.9589385986328
2500,0p3,1,60,11.970662730202106,2.01708984375,2.9888648986816406,4.78125,7.983038902282715,12.95129108428955
3000,0p3,1,60,6.946666984164956,3.94775390625,5.789852142333984,9.1875,15.120226860046388,24.43302726745605
3500,0p3,1,60,8.326792489864792,6.95703125,10.372833251953123,17.125,29.27545547485352,47.62166213989258
4000,0p3,1,60,45.64122505614476,16.19921875,24.3377685546875,39.875,67.53115844726562,109.08245849609376
3000,0p3,1,70,10.314990777634431,4.571533203125,6.759834289550781,10.9375,18.5234375,30.84173011779785
3500,0p3,1,70,22.33096668223559,9.908203125,14.247116088867188,22.25,35.90817642211914,56.00049591064453
4000,0p3,1,70,24.4018245737765,14.453125,22.11553955078125,37.0,63.84201431274414,104.90697479248048
3000,0p3,1,80,8.45890334898151,5.0360107421875,7.432456016540527,11.5625,18.93667984008789,30.470355987548828
3500,0p3,1,80,30.277713982152704,9.405517578125,13.50477695465088,20.9375,33.956912994384766,53.68685150146485
4000,0p3,1,80,46.51666151922116,13.12744140625,20.60123062133789,35.375,61.60216522216797,98.23294830322266
3500,0p3,1,90,19.407686793906056,9.21142578125,13.414138793945312,21.4375,35.62233352661133,57.10385894775391
4000,0p3,1,90,89.38020725557593,18.6328125,27.49053955078125,45.0,71.90579223632812,109.95225524902344
4000,0p3,1,100,41.0728786730196,13.7490234375,19.769874572753903,30.875,50.81219100952149,82.10826873779297
