mMed,mDark,rinv,yukawa,obs_lim,expected_m2sigma,expected_m1sigma,expected,expected_p1sigma,expected_p2sigma
500.0,1,0.3,1,0.1597,0.0788,0.1055,0.1457,0.2044,0.2743
600.0,1,0.3,1,0.2106,0.1124,0.1526,0.2164,0.2708,0.4357
700.0,1,0.3,1,0.2476,0.0732,0.1099,0.1711,0.2645,0.3814
800.0,1,0.3,1,0.2981,0.0991,0.1347,0.1930,0.2814,0.3947
900.0,1,0.3,1,0.1370,0.0657,0.1045,0.1551,0.2750,0.4178
1000.0,1,0.3,1,0.3605,0.1571,0.2342,0.3672,0.5736,0.8345
1500.0,1,0.3,1,0.4796,0.3331,0.5250,0.8977,1.5202,2.4178
2000.0,1,0.3,1,1.6301,0.9229,1.4521,2.5750,4.6894,7.8057
2500.0,1,0.3,1,8.6039,3.3994,4.7959,7.1625,10.9026,16.3838
3000.0,1,0.3,1,9.4944,5.0910,7.2036,10.9062,17.0359,27.2422
3500.0,1,0.3,1,17.4025,12.0850,17.6614,28.1250,52.5644,85.2665
4000.0,1,0.3,1,41.5109,21.1953,33.0284,52.4250,82.7254,122.8685
500.0,10,0.3,1,0.0433,0.0248,0.0382,0.0668,0.1110,0.1693
600.0,10,0.3,1,0.0599,0.0346,0.0498,0.0770,0.1224,0.1895
700.0,10,0.3,1,0.0597,0.0340,0.0498,0.0613,0.1136,0.1620
800.0,10,0.3,1,0.0511,0.0349,0.0485,0.0629,0.1015,0.1404
900.0,10,0.3,1,0.0647,0.0370,0.0524,0.0809,0.1331,0.2133
1000.0,10,0.3,1,0.0682,0.0392,0.0648,0.1129,0.1930,0.3163
1500.0,10,0.3,1,0.1694,0.1141,0.1656,0.2445,0.4531,0.7413
2000.0,10,0.3,1,0.6877,0.4409,0.6479,1.0500,1.7950,2.9854
2500.0,10,0.3,1,2.2300,1.2486,1.9007,3.2125,5.7479,9.7373
3000.0,10,0.3,1,3.2606,2.3791,3.7658,6.6562,12.4402,20.1797
3500.0,10,0.3,1,15.1850,5.6434,8.4878,13.8250,23.6341,41.8960
4000.0,10,0.3,1,11.8802,8.2694,13.1162,23.5875,45.2123,71.5190
4000.0,100,0.3,1,110.4930,16.6115,25.1208,41.0875,70.2397,97.1631
500.0,20,0,1,0.6822,0.2880,0.3985,0.5922,0.9156,1.4066
600.0,20,0,1,1.1280,0.4042,0.6027,0.9281,1.4831,2.3724
700.0,20,0,1,1.2339,0.3880,0.5885,1.0375,2.0135,3.1460
800.0,20,0,1,0.7257,0.2341,0.4143,0.8531,1.7169,2.5874
900.0,20,0,1,1.6231,0.5521,0.8012,1.2453,1.9899,3.2393
1000.0,20,0,1,3.5608,0.5592,0.9897,1.9813,3.9872,6.0088
1500.0,20,0,1,13.6231,3.5913,6.9273,12.7250,21.7536,34.8566
2000.0,20,0,1,22.1583,7.6689,12.1189,20.1875,36.4421,61.1924
2500.0,20,0,1,198.7993,34.1938,61.8354,125.5000,252.5631,380.6189
3000.0,20,0,1,122.4106,41.7966,59.9024,100.4688,190.9756,304.6160
3500.0,20,0,1,280.8137,67.0048,113.2137,227.9500,458.7391,691.3312
4000.0,20,0,1,1375.8518,261.4951,448.3886,933.0000,1884.9421,2836.8843
500.0,20,0.05,1,0.0822,0.0465,0.0721,0.1254,0.2264,0.3777
600.0,20,0.05,1,0.1388,0.0666,0.1044,0.1664,0.3269,0.5046
700.0,20,0.05,1,0.1231,0.0581,0.1000,0.1945,0.3853,0.5899
800.0,20,0.05,1,0.3743,0.1565,0.2341,0.3797,0.6370,1.0454
900.0,20,0.05,1,0.1898,0.1249,0.1792,0.2867,0.4902,0.8092
1000.0,20,0.05,1,0.3258,0.1421,0.2346,0.4477,0.8367,1.3572
1500.0,20,0.05,1,1.4053,0.6609,0.9567,1.5312,2.4468,3.9140
2000.0,20,0.05,1,5.4705,2.0538,3.1589,5.4625,9.5995,16.1177
2500.0,20,0.05,1,16.4687,3.4988,7.5791,14.0500,27.1549,42.6024
3000.0,20,0.05,1,33.8499,8.6949,15.1523,27.0625,49.7157,82.0386
3500.0,20,0.05,1,52.3530,15.4975,27.3139,53.0750,94.9637,150.4947
4000.0,20,0.05,1,252.7872,43.6666,89.6120,151.5750,242.2027,373.7733
500.0,20,0.1,1,0.1054,0.0459,0.0654,0.0988,0.1449,0.2045
600.0,20,0.1,1,0.0937,0.0464,0.0640,0.0965,0.1453,0.2529
700.0,20,0.1,1,0.0894,0.0487,0.0700,0.1066,0.1657,0.2382
800.0,20,0.1,1,0.0621,0.0409,0.0590,0.0926,0.1479,0.2262
900.0,20,0.1,1,0.1218,0.0641,0.0957,0.1570,0.2634,0.4257
1000.0,20,0.1,1,0.1227,0.0626,0.1004,0.1820,0.3315,0.5449
1500.0,20,0.1,1,0.5973,0.2297,0.3573,0.6141,1.1281,1.8615
2000.0,20,0.1,1,1.3700,0.7274,1.0969,1.8953,3.5120,5.7458
2500.0,20,0.1,1,3.3510,1.2578,2.0756,4.0125,7.6911,12.1662
3000.0,20,0.1,1,10.5155,4.1278,6.1737,10.5938,20.1371,32.1197
3500.0,20,0.1,1,17.7415,5.4969,9.6854,20.9250,42.1106,63.4617
4000.0,20,0.1,1,124.5557,16.5741,29.8648,61.0500,113.1264,185.0776
500.0,20,0.2,1,0.0295,0.0187,0.0286,0.0488,0.0858,0.1402
600.0,20,0.2,1,0.0295,0.0249,0.0350,0.0559,0.0973,0.1682
700.0,20,0.2,1,0.0392,0.0211,0.0296,0.0449,0.0703,0.1092
800.0,20,0.2,1,0.0580,0.0293,0.0428,0.0652,0.0983,0.1362
900.0,20,0.2,1,0.0549,0.0349,0.0486,0.0738,0.1147,0.1808
1000.0,20,0.2,1,0.0595,0.0419,0.0652,0.1105,0.2031,0.3351
1500.0,20,0.2,1,0.2156,0.1253,0.1842,0.3070,0.5347,0.8557
2000.0,20,0.2,1,0.3554,0.2600,0.3783,0.6250,1.1482,1.8947
2500.0,20,0.2,1,1.3288,0.8599,1.2945,2.1688,3.9150,6.5739
3000.0,20,0.2,1,3.0439,1.6390,2.6393,4.9219,9.9051,14.9272
3500.0,20,0.2,1,17.7341,6.2031,10.1753,19.0750,34.7380,57.8225
4000.0,20,0.2,1,24.3478,6.0016,10.2421,20.9750,42.2112,63.6134
500.0,20,0.3,0.5,0.0798,0.0363,0.0581,0.0957,0.1560,0.2499
600.0,20,0.3,0.5,0.0683,0.0520,0.0726,0.1082,0.1647,0.2411
700.0,20,0.3,0.5,0.1140,0.0660,0.0915,0.1379,0.2099,0.2991
800.0,20,0.3,0.5,0.1021,0.0696,0.0986,0.1504,0.2337,0.3446
900.0,20,0.3,0.5,0.1584,0.1080,0.1459,0.2102,0.3149,0.4630
1000.0,20,0.3,0.5,0.1292,0.0930,0.1270,0.1867,0.2805,0.4096
1500.0,20,0.3,0.5,0.5681,0.4197,0.5849,0.8844,1.4026,2.2369
2000.0,20,0.3,0.5,3.0652,1.9293,2.8285,4.6375,8.1497,14.0555
2500.0,20,0.3,0.5,9.8491,5.6945,8.5048,14.3625,26.1559,43.5374
3000.0,20,0.3,0.5,49.1331,19.9755,30.9056,53.6875,102.0517,162.7777
3500.0,20,0.3,0.5,85.9654,38.2180,58.7839,101.6500,185.1173,308.1342
4000.0,20,0.3,0.5,136.3490,69.7817,100.1269,148.2500,233.9350,371.1740
500.0,20,0.3,1,0.0297,0.0182,0.0242,0.0348,0.0511,0.0780
600.0,20,0.3,1,0.0173,0.0102,0.0157,0.0262,0.0466,0.0793
700.0,20,0.3,1,0.0908,0.0270,0.0402,0.0629,0.0977,0.1383
800.0,20,0.3,1,0.0409,0.0214,0.0330,0.0559,0.0991,0.1693
900.0,20,0.3,1,0.0411,0.0235,0.0331,0.0527,0.0868,0.1425
1000.0,20,0.3,1,0.0761,0.0284,0.0389,0.0668,0.1001,0.1415
1500.0,20,0.3,1,0.2459,0.0961,0.1521,0.2570,0.4517,0.7326
2000.0,20,0.3,1,0.5022,0.2788,0.4081,0.7031,1.3702,2.1321
2500.0,20,0.3,1,1.4792,0.8266,1.2947,2.3063,4.3838,6.9924
3000.0,20,0.3,1,4.5861,1.5253,2.3330,4.0781,7.2317,12.3606
3500.0,20,0.3,1,7.5333,3.3468,5.7706,12.0250,24.1998,36.4697
4000.0,20,0.3,1,25.9881,7.1805,11.6187,21.5625,40.6432,65.3737
500.0,20,0.3,1.5,0.0096,0.0066,0.0101,0.0168,0.0283,0.0465
600.0,20,0.3,1.5,0.0079,0.0057,0.0077,0.0121,0.0202,0.0350
700.0,20,0.3,1.5,0.0093,0.0064,0.0087,0.0137,0.0228,0.0384
800.0,20,0.3,1.5,0.0154,0.0087,0.0134,0.0223,0.0397,0.0646
900.0,20,0.3,1.5,0.0181,0.0066,0.0106,0.0184,0.0321,0.0532
1000.0,20,0.3,1.5,0.0154,0.0097,0.0138,0.0215,0.0369,0.0622
1500.0,20,0.3,1.5,0.0370,0.0273,0.0409,0.0613,0.1107,0.1812
2000.0,20,0.3,1.5,0.2559,0.1144,0.1732,0.2914,0.5167,0.8832
2500.0,20,0.3,1.5,0.4193,0.2252,0.3300,0.5266,0.9044,1.5958
3000.0,20,0.3,1.5,0.6121,0.3892,0.5986,1.0352,1.9017,3.1380
3500.0,20,0.3,1.5,1.4766,0.6837,1.0426,1.7906,3.3181,5.4284
4000.0,20,0.3,1.5,3.3008,1.5124,2.4379,4.4375,8.6119,13.4556
500.0,20,0.3,2,0.0028,0.0013,0.0021,0.0035,0.0058,0.0098
600.0,20,0.3,2,0.0024,0.0019,0.0028,0.0043,0.0073,0.0120
700.0,20,0.3,2,0.0035,0.0019,0.0028,0.0043,0.0073,0.0120
800.0,20,0.3,2,0.0034,0.0026,0.0038,0.0059,0.0107,0.0174
900.0,20,0.3,2,0.0053,0.0036,0.0053,0.0090,0.0156,0.0240
1000.0,20,0.3,2,0.0056,0.0032,0.0051,0.0074,0.0126,0.0204
1500.0,20,0.3,2,0.0227,0.0144,0.0209,0.0324,0.0534,0.0876
2000.0,20,0.3,2,0.1430,0.0400,0.0587,0.0957,0.1682,0.2901
2500.0,20,0.3,2,0.0899,0.0500,0.0737,0.1207,0.2198,0.3659
3000.0,20,0.3,2,0.2906,0.1215,0.1808,0.3135,0.5559,0.9501
3500.0,20,0.3,2,0.6923,0.2573,0.4043,0.7219,1.4182,2.1890
4000.0,20,0.3,2,1.0956,0.4208,0.6421,1.0719,1.8837,3.2487
500.0,20,0.3,2.5,0.0021,0.0010,0.0015,0.0027,0.0045,0.0078
600.0,20,0.3,2.5,0.0014,0.0010,0.0015,0.0027,0.0038,0.0069
700.0,20,0.3,2.5,0.0022,0.0013,0.0021,0.0035,0.0049,0.0081
800.0,20,0.3,2.5,0.0014,0.0013,0.0021,0.0035,0.0049,0.0089
900.0,20,0.3,2.5,0.0024,0.0008,0.0021,0.0043,0.0068,0.0111
1000.0,20,0.3,2.5,0.0025,0.0022,0.0033,0.0051,0.0086,0.0142
1500.0,20,0.3,2.5,0.0140,0.0081,0.0124,0.0207,0.0369,0.0625
2000.0,20,0.3,2.5,0.0244,0.0142,0.0217,0.0371,0.0664,0.1125
2500.0,20,0.3,2.5,0.0379,0.0261,0.0401,0.0676,0.1193,0.2048
3000.0,20,0.3,2.5,0.1458,0.0640,0.1007,0.1772,0.2889,0.4511
3500.0,20,0.3,2.5,0.1138,0.1031,0.1400,0.2227,0.4073,0.6750
4000.0,20,0.3,2.5,0.3439,0.1549,0.2349,0.4141,0.7343,1.2468
500.0,20,0.3,3,0.0010,0.0004,0.0006,0.0010,0.0016,0.0026
600.0,20,0.3,3,0.0008,0.0005,0.0007,0.0012,0.0021,0.0034
700.0,20,0.3,3,0.0008,0.0005,0.0008,0.0012,0.0021,0.0038
800.0,20,0.3,3,0.0011,0.0004,0.0007,0.0016,0.0028,0.0043
900.0,20,0.3,3,0.0011,0.0008,0.0012,0.0022,0.0030,0.0053
1000.0,20,0.3,3,0.0019,0.0011,0.0015,0.0028,0.0046,0.0081
1500.0,20,0.3,3,0.0043,0.0029,0.0046,0.0084,0.0162,0.0254
2000.0,20,0.3,3,0.0124,0.0073,0.0108,0.0174,0.0293,0.0481
2500.0,20,0.3,3,0.0778,0.0197,0.0302,0.0516,0.0914,0.1563
3000.0,20,0.3,3,0.0834,0.0281,0.0415,0.0698,0.1227,0.2116
3500.0,20,0.3,3,0.2986,0.0565,0.0936,0.1711,0.3170,0.5187
4000.0,20,0.3,3,0.1381,0.0827,0.1245,0.2148,0.4118,0.6514
500.0,20,0.3,3.5,0.0004,0.0003,0.0004,0.0006,0.0009,0.0013
600.0,20,0.3,3.5,0.0002,0.0002,0.0003,0.0005,0.0008,0.0014
700.0,20,0.3,3.5,0.0004,0.0003,0.0004,0.0006,0.0012,0.0020
800.0,20,0.3,3.5,0.0004,0.0002,0.0004,0.0007,0.0012,0.0021
900.0,20,0.3,3.5,0.0007,0.0004,0.0006,0.0011,0.0019,0.0033
1000.0,20,0.3,3.5,0.0004,0.0004,0.0007,0.0016,0.0020,0.0037
1500.0,20,0.3,3.5,0.0021,0.0018,0.0026,0.0041,0.0074,0.0120
2000.0,20,0.3,3.5,0.0043,0.0040,0.0058,0.0098,0.0182,0.0293
2500.0,20,0.3,3.5,0.0163,0.0104,0.0153,0.0246,0.0391,0.0656
3000.0,20,0.3,3.5,0.0379,0.0204,0.0312,0.0532,0.0791,0.1143
3500.0,20,0.3,3.5,0.0359,0.0254,0.0385,0.0645,0.1102,0.1953
4000.0,20,0.3,3.5,0.0697,0.0458,0.0725,0.1324,0.2580,0.4015
500.0,20,0.4,1,0.0298,0.0186,0.0269,0.0418,0.0688,0.1066
600.0,20,0.4,1,0.0752,0.0280,0.0444,0.0770,0.1291,0.1938
700.0,20,0.4,1,0.0292,0.0151,0.0236,0.0410,0.0727,0.1178
800.0,20,0.4,1,0.0450,0.0288,0.0388,0.0566,0.0869,0.1259
900.0,20,0.4,1,0.0452,0.0251,0.0375,0.0605,0.1064,0.1823
1000.0,20,0.4,1,0.0365,0.0270,0.0376,0.0566,0.0887,0.1376
1500.0,20,0.4,1,0.1507,0.1176,0.1620,0.2398,0.3651,0.5515
2000.0,20,0.4,1,1.8592,0.4443,0.7346,1.3188,2.3596,3.8941
2500.0,20,0.4,1,1.5266,1.0225,1.5183,2.4813,4.1231,6.3420
3000.0,20,0.4,1,3.8556,2.0551,3.2871,5.7656,10.7757,17.4796
3500.0,20,0.4,1,17.9323,4.7681,7.5730,13.5250,25.9246,41.0088
4000.0,20,0.4,1,12.7860,7.6421,12.2039,21.3813,38.5970,64.8109
500.0,20,0.5,1,0.0315,0.0182,0.0285,0.0496,0.0864,0.1393
600.0,20,0.5,1,0.0402,0.0193,0.0295,0.0504,0.0878,0.1425
700.0,20,0.5,1,0.0287,0.0177,0.0247,0.0371,0.0563,0.0859
800.0,20,0.5,1,0.0523,0.0310,0.0424,0.0629,0.0932,0.1311
900.0,20,0.5,1,0.0605,0.0360,0.0490,0.0715,0.1065,0.1555
1000.0,20,0.5,1,0.0739,0.0384,0.0550,0.0855,0.1357,0.2105
1500.0,20,0.5,1,0.1776,0.1154,0.1673,0.2648,0.4359,0.6985
2000.0,20,0.5,1,0.4734,0.3396,0.4823,0.7594,1.2376,1.9492
2500.0,20,0.5,1,1.0544,0.8732,1.2965,2.1188,3.5883,5.9745
3000.0,20,0.5,1,11.5485,4.2268,6.0800,9.3281,13.7528,19.8604
3500.0,20,0.5,1,19.0574,8.2166,11.9481,18.9500,31.4889,52.5196
4000.0,20,0.5,1,46.0459,15.7996,23.3873,37.6250,62.5208,101.0339
500.0,20,0.6,1,0.0337,0.0255,0.0356,0.0535,0.0812,0.1179
600.0,20,0.6,1,0.0920,0.0270,0.0394,0.0629,0.1105,0.1780
700.0,20,0.6,1,0.0641,0.0303,0.0431,0.0637,0.0979,0.1394
800.0,20,0.6,1,0.0502,0.0321,0.0457,0.0691,0.1041,0.1493
900.0,20,0.6,1,0.0528,0.0377,0.0527,0.0785,0.1201,0.1753
1000.0,20,0.6,1,0.0773,0.0452,0.0635,0.0973,0.1527,0.2298
1500.0,20,0.6,1,0.3240,0.1381,0.1946,0.3008,0.4854,0.7570
2000.0,20,0.6,1,0.4574,0.3984,0.5752,0.9187,1.5706,2.6696
2500.0,20,0.6,1,1.4292,1.1115,1.5974,2.5750,4.0838,6.0448
3000.0,20,0.6,1,8.1349,3.0743,4.5193,7.5312,13.2350,21.6176
3500.0,20,0.6,1,10.5230,5.5254,7.9913,12.4625,20.1126,34.9790
4000.0,20,0.6,1,26.8147,8.9721,14.4627,26.3250,45.0030,72.1100
500.0,20,0.7,1,0.0829,0.0449,0.0611,0.0871,0.1257,0.1719
600.0,20,0.7,1,0.1371,0.0419,0.0597,0.0902,0.1381,0.2014
700.0,20,0.7,1,0.0942,0.0467,0.0647,0.0957,0.1449,0.2117
800.0,20,0.7,1,0.0418,0.0204,0.0287,0.0457,0.0734,0.1282
900.0,20,0.7,1,0.0442,0.0347,0.0515,0.0699,0.1262,0.1876
1000.0,20,0.7,1,0.0700,0.0340,0.0590,0.1000,0.1598,0.2398
1500.0,20,0.7,1,0.4697,0.1954,0.3157,0.5266,0.8414,1.2154
2000.0,20,0.7,1,0.7193,0.4453,0.6191,0.9344,1.4670,2.2937
2500.0,20,0.7,1,4.3503,1.3070,1.9206,3.1125,5.0727,7.6461
3000.0,20,0.7,1,20.5400,4.7379,6.8389,10.7812,17.2274,26.0997
3500.0,20,0.7,1,24.4970,8.1393,11.4009,17.9625,32.1392,54.4457
4000.0,20,0.7,1,57.3403,24.6926,35.2654,55.4500,87.0567,131.0219
500.0,20,0.8,1,0.0907,0.0459,0.0733,0.0926,0.1642,0.2366
600.0,20,0.8,1,0.2131,0.0456,0.0643,0.0965,0.1523,0.2305
700.0,20,0.8,1,0.0931,0.0507,0.0721,0.1090,0.1668,0.2446
800.0,20,0.8,1,0.0727,0.0417,0.0572,0.0840,0.1265,0.1814
900.0,20,0.8,1,0.0625,0.0374,0.0628,0.0832,0.1674,0.2523
1000.0,20,0.8,1,0.1432,0.0746,0.1004,0.1441,0.2125,0.3016
1500.0,20,0.8,1,0.6960,0.3214,0.4441,0.6453,1.0131,1.5990
2000.0,20,0.8,1,1.4300,0.5980,0.8357,1.3312,2.3182,3.7103
2500.0,20,0.8,1,4.8878,1.3848,2.0289,3.2375,5.3281,8.3980
3000.0,20,0.8,1,7.9945,3.2567,4.6733,7.1562,11.2353,16.9094
3500.0,20,0.8,1,28.2224,10.2950,14.6472,21.7812,34.1967,52.4677
4000.0,20,0.8,1,108.4188,22.9175,32.8520,52.1500,86.6568,138.9139
500.0,20,0.9,1,0.0668,0.0475,0.0663,0.0988,0.1473,0.2113
600.0,20,0.9,1,0.1469,0.0678,0.0976,0.1465,0.2195,0.3069
700.0,20,0.9,1,0.1593,0.0534,0.0784,0.1254,0.1939,0.2722
800.0,20,0.9,1,0.1474,0.0701,0.0967,0.1418,0.2147,0.3153
900.0,20,0.9,1,0.1664,0.0931,0.1297,0.1898,0.2799,0.3926
1000.0,20,0.9,1,0.3116,0.1023,0.1406,0.2055,0.3029,0.4324
1500.0,20,0.9,1,0.4490,0.1882,0.2753,0.4359,0.7174,1.1593
2000.0,20,0.9,1,0.9771,0.7618,1.1169,1.8312,3.2473,5.4416
2500.0,20,0.9,1,10.4320,1.9729,2.8700,4.6125,7.7381,12.1101
3000.0,20,0.9,1,16.0718,5.0541,6.9393,10.4766,16.7406,25.1258
3500.0,20,0.9,1,66.3040,15.4225,21.3403,30.7250,46.2788,68.5652
4000.0,20,0.9,1,77.9961,24.1955,36.4240,61.0250,103.3502,152.8094
500.0,20,1,1,0.1187,0.0443,0.0582,0.0793,0.1100,0.1474
600.0,20,1,1,0.1809,0.0720,0.0995,0.1418,0.2000,0.2695
700.0,20,1,1,0.1827,0.1008,0.1365,0.1992,0.2937,0.4168
800.0,20,1,1,0.2005,0.0928,0.1216,0.1680,0.2343,0.3196
900.0,20,1,1,0.1603,0.0994,0.1315,0.1898,0.2754,0.4110
1000.0,20,1,1,0.3396,0.1304,0.1762,0.2539,0.3723,0.5269
1500.0,20,1,1,0.8573,0.4996,0.6865,1.0031,1.4550,2.0844
2000.0,20,1,1,3.7224,1.1709,1.6145,2.4469,3.9489,6.2403
2500.0,20,1,1,3.4160,2.3781,3.2434,4.8125,7.5940,11.3891
3000.0,20,1,1,11.0611,6.3616,8.7647,12.9766,19.5457,29.1138
3500.0,20,1,1,41.7509,19.9030,28.1968,40.9250,58.3798,81.3484
4000.0,20,1,1,107.4859,33.1493,45.8690,68.1625,103.2116,154.8354
1500.0,30,0.3,1,0.1617,0.1138,0.1663,0.2648,0.4485,0.7357
2000.0,30,0.3,1,0.4593,0.3055,0.4307,0.6656,1.1061,1.8448
2500.0,30,0.3,1,1.7311,0.9372,1.3922,2.3406,4.1506,6.7235
3000.0,30,0.3,1,2.9460,2.0183,2.9812,4.8516,8.2165,13.5784
3500.0,30,0.3,1,6.9046,3.4383,5.5904,10.3250,19.9555,31.3074
4000.0,30,0.3,1,15.7026,7.4084,11.7880,21.2500,41.0706,64.4342
1500.0,40,0.3,1,0.2094,0.1436,0.2015,0.3102,0.5005,0.7875
2000.0,40,0.3,1,0.7583,0.4862,0.6900,1.0594,1.7772,2.8039
2500.0,40,0.3,1,1.6926,1.0535,1.5959,2.6312,4.5821,7.4403
3000.0,40,0.3,1,8.9892,3.4816,5.2827,8.7812,14.8717,22.9129
3500.0,40,0.3,1,8.8854,4.8422,7.0279,11.4250,20.2599,34.4023
4000.0,40,0.3,1,25.1512,10.8424,17.0207,29.4500,51.7539,83.3517
500.0,5,0.3,1,0.0471,0.0343,0.0474,0.0715,0.1031,0.1464
600.0,5,0.3,1,0.0678,0.0387,0.0574,0.0918,0.1496,0.2134
700.0,5,0.3,1,0.0393,0.0235,0.0331,0.0527,0.0885,0.1407
800.0,5,0.3,1,0.0634,0.0363,0.0517,0.0801,0.1270,0.1934
900.0,5,0.3,1,0.0760,0.0463,0.0659,0.0996,0.1564,0.2308
1000.0,5,0.3,1,0.0879,0.0471,0.0690,0.0980,0.1645,0.2407
1500.0,5,0.3,1,0.2415,0.1654,0.2416,0.3797,0.5991,0.8986
2000.0,5,0.3,1,0.8965,0.4082,0.6357,1.1453,2.1953,3.4727
2500.0,5,0.3,1,2.4661,1.1075,1.6155,2.6375,4.6771,7.9941
3000.0,5,0.3,1,6.3277,2.5720,4.1410,7.6562,14.5533,23.2133
3500.0,5,0.3,1,11.9580,7.9211,11.3549,18.0250,29.0897,43.7591
4000.0,5,0.3,1,47.4502,17.2833,26.3713,44.0250,77.3673,133.4321
2000.0,50,0.3,1,1.7569,0.6437,0.9342,1.5187,2.5237,3.9146
2500.0,50,0.3,1,2.7516,1.5435,2.2690,3.7812,6.9464,11.4627
3000.0,50,0.3,1,4.7809,2.4783,4.5517,9.0312,16.7350,26.8760
3500.0,50,0.3,1,14.4428,6.7202,9.7372,15.0250,24.9668,40.3464
4000.0,50,0.3,1,24.1588,8.6496,14.1209,25.5250,47.7051,77.3841
2500.0,60,0.3,1,5.0437,1.8291,2.6476,4.2375,7.3792,11.2939
3000.0,60,0.3,1,25.9711,5.1612,7.6800,12.4062,20.4174,30.8294
3500.0,60,0.3,1,18.4379,8.5784,13.2955,21.4250,34.5767,53.4464
4000.0,60,0.3,1,35.5130,11.8085,19.5031,34.4500,59.9914,95.3146
3000.0,70,0.3,1,5.3959,3.8773,5.5538,8.5938,13.8690,21.2462
3500.0,70,0.3,1,21.7697,9.7454,14.0375,22.3750,36.8234,59.5036
4000.0,70,0.3,1,38.0950,13.9919,20.5793,32.1250,52.3572,86.7090
3000.0,80,0.3,1,8.3490,5.0576,7.1133,10.6562,16.3905,24.2097
3500.0,80,0.3,1,23.8537,8.9492,12.9573,19.7500,30.2203,43.8566
4000.0,80,0.3,1,48.1956,17.8855,26.5565,43.4000,72.1171,109.0594
3500.0,90,0.3,1,38.1907,10.8595,15.5996,24.4937,39.5293,60.0093
4000.0,90,0.3,1,35.6305,16.5914,25.8338,43.7875,72.0628,111.6749
600.0,20,0.3,0.1,0.1167,0.0893,0.1202,0.1714,0.2496,0.3484
700.0,20,0.3,0.1,0.1347,0.0962,0.1290,0.1840,0.2664,0.3397
800.0,20,0.3,0.1,0.1322,0.0839,0.1147,0.1668,0.2493,0.3621
900.0,20,0.3,0.1,0.1746,0.1217,0.1624,0.2318,0.3410,0.4878
1000.0,20,0.3,0.1,0.2498,0.1894,0.2536,0.3588,0.5212,0.7334
1500.0,20,0.3,0.1,1.4363,1.2346,1.6072,2.2141,3.1358,4.3709
2000.0,20,0.3,0.1,10.1194,9.1917,12.3866,17.9625,27.2615,41.5893
2500.0,20,0.3,0.1,72.8302,57.6220,83.4228,135.1000,241.3893,410.7987
3000.0,20,0.3,0.1,291.3532,240.4219,341.1761,535.2000,950.6661,1627.3824
3500.0,20,0.3,0.1,1349.8722,1132.9580,1615.7345,2541.3999,4384.4502,7727.6177
4000.0,20,0.3,0.1,5948.2686,4824.0249,6932.4248,11082.0000,19800.7109,33697.0469
